Is Registered,Accepts Card,encoded__Miscellaneous Stores,Transaction Fees per Unit Turnover_Scaled,Current pricing,Average Transaction Amount Scaled,Total Annual Transaction Fees Scaled
0,1,True,0.15288267875125888,Neutral,0.0008861756597085466,0.0031120918553330665
0,1,False,0.45436807653575034,Non-Competitive,0.09836549822764869,0.0006868703043183136
0,1,True,0.05896651150890107,Competitive,0.030129972430090586,0.001163043854463376
0,1,False,0.027840718361866384,Competitive,0.002855454903505317,0.012409429578726193
0,1,True,0.13359588548410306,Neutral,0.0005907837731390312,0.011487781749969799
1,1,True,0.37569234642497484,Neutral,0.0013784954706577393,0.005895004105119848
0,0,True,0.21834088620342396,Neutral,0.007778653012997242,0.0007851369798051349
0,0,False,0.05608006042296072,Competitive,0.49222134698700276,0.0038070337843758664
0,0,False,0.45436807653575034,Non-Competitive,0.0008861756597085466,0.0003429369401144386
0,1,True,0.00019105693039331295,Competitive,0.24389523434423,0.02411813475880475
0,1,False,0.022595669687814707,Competitive,0.0038400945254037015,0.01782850917623944
0,0,False,0.052240684793554884,Competitive,0.019594328475777866,0.005567186475695812
1,1,True,0.21834088620342396,Neutral,0.011717211500590784,0.0007851369798051349
1,1,False,0.09094914400805647,Neutral,0.06144151240645923,0.003157373139397394
0,0,True,0.18246475327291045,Neutral,0.0038400945254037015,0.0006955177717611539
1,1,True,0.1103977844914401,Neutral,0.004824734147302088,0.002064962161345497
0,0,True,0.18524154374740842,Neutral,0.0032493107522646707,0.004395570245044469
0,1,False,0.10687883365375812,Neutral,0.0009846396218983853,0.009264514807558142
0,0,False,0.10498489425981876,Neutral,0.24606144151240644,0.0012564239554399305
1,1,True,0.3756923464249748,Neutral,0.1968294604174872,2.8483578556610052e-05
1,0,True,0.45436807653575034,Non-Competitive,0.0008861756597085466,0.0013747370327260636
0,0,True,0.0437594410876133,Competitive,0.7876132335565184,0.0437522408364178
0,0,False,0.04383811681772408,Competitive,0.39375738479716427,0.00875456436178635
1,0,False,0.37569234642497484,Neutral,0.09836549822764869,0.0005886036288314921
0,0,False,0.21834088620342396,Neutral,0.49222134698700276,0.0019643370856469917
0,0,False,0.07899043303121854,Competitive,0.002855454903505317,0.005474422734036253
1,1,False,0.09518714333669016,Neutral,0.002855454903505317,0.0035877025646892814
1,1,True,0.18382846592816382,Neutral,0.0013784954706577393,0.0015738253172623633
1,0,False,0.21834088620342396,Neutral,0.0013784954706577393,0.0004706836182473064
1,1,False,0.22148791540785495,Neutral,9.846396218983852e-05,0.019054877286314966
0,1,False,0.09057150050352471,Neutral,0.09836549822764869,0.004668635995044319
0,1,False,0.05049932863376973,Competitive,0.07374950768018905,0.005501937403172562
0,1,False,0.06468575482925938,Competitive,0.00531705395825128,0.011062258968918865
1,0,False,0.37569234642497484,Neutral,0.000393855848759354,0.0005886036288314921
1,0,False,0.45436807653575034,Non-Competitive,0.000393855848759354,0.0003429369401144386
0,1,True,0.08207452165156094,Competitive,0.04913351713272942,0.0017819541359434515
0,0,True,0.21834088620342396,Neutral,0.009747932256794014,0.00392967059538342
0,1,True,0.43548590130916415,Non-Competitive,0.0018708152816069316,0.013284658101728816
1,0,False,0.37569234642497484,Neutral,0.0008861756597085466,0.0016498837240891632
0,1,False,0.13714753272910374,Neutral,0.0006892477353288697,0.007290390897032713
1,0,True,0.21834088620342396,Neutral,0.0008861756597085466,0.00392967059538342
0,1,False,0.21834088620342396,Neutral,0.0008861756597085466,0.0007851369798051349
0,1,True,0.06819612286002015,Competitive,0.007778653012997242,0.015003027802631767
0,1,True,0.43548590130916415,Non-Competitive,0.0018708152816069316,0.0006632863022014762
1,0,False,0.37569234642497484,Neutral,0.004824734147302088,0.0014730037082128847
0,1,False,0.43548590130916415,Non-Competitive,0.00265852697912564,1.2289230436381886e-05
0,1,True,0.43548590130916415,Non-Competitive,0.004824734147302088,0.005313265386237865
1,0,False,0.37569234642497484,Neutral,0.0018708152816069316,0.0029470038405152057
0,1,True,0.0947255790533736,Neutral,0.0018708152816069316,0.007159106618582319
0,0,False,0.21834088620342396,Neutral,0.1968294604174872,0.0004706836182473064
1,1,True,0.09151560926485404,Neutral,0.03928712091374557,0.0023456117865358595
1,1,True,0.15760322255790532,Neutral,0.0018708152816069316,0.0022194373752107803
0,1,True,0.14029456193353473,Neutral,0.0008861756597085466,0.008866588371841327
0,1,True,0.022595669687814707,Competitive,0.0038400945254037015,0.01188534064279648
0,1,True,0.045464081906680096,Competitive,0.2952934226073257,0.03719883624820168
1,1,False,0.43548590130916415,Non-Competitive,0.03436392280425364,0.0016597103916378454
0,1,False,0.37569234642497484,Neutral,0.9845411579361953,0.002234059456523219
0,0,False,0.008119335347432033,Competitive,0.04913351713272942,0.013048818080560446
0,1,True,0.21834088620342396,Neutral,0.0013784954706577393,0.004715803999277992
1,0,False,0.43548590130916415,Non-Competitive,0.024517526585269792,0.0003311449390560199
1,0,False,0.03581319234642498,Competitive,0.007778653012997242,0.010564636524253601
0,1,True,0.08400334600266383,Competitive,0.0304253643166601,0.0011253932684101482
1,1,False,0.0538561597851628,Competitive,0.014671130366285938,0.005627718747795694
0,0,True,0.18020461411700084,Neutral,0.0009846396218983853,0.0017261743976034773
0,1,False,0.0794519973145351,Competitive,0.2952934226073257,0.0010530512438524048
0,0,False,0.1753516050711142,Neutral,0.0070894052776683735,0.00013475266133704863
1,1,True,0.11616733803289696,Neutral,0.0013784954706577393,0.0031844161284913662
1,0,True,0.37569234642497484,Neutral,0.002855454903505317,0.0004706836182473064
0,0,False,0.37569234642497484,Neutral,0.2952934226073257,0.014739004898933775
1,0,True,0.43548590130916415,Non-Competitive,0.002855454903505317,0.00016507425748329177
0,0,False,0.43548590130916415,Non-Competitive,0.01860968885387948,6.54318485396549e-05
1,0,True,0.37569234642497484,Neutral,0.0018708152816069316,0.0002938036023710279
0,1,True,0.12267119838872108,Neutral,0.0008861756597085466,0.005470492067016781
1,0,False,0.06161883182275933,Competitive,0.014671130366285938,0.0019721984196859376
0,1,True,0.12619587109768382,Neutral,0.0010831035840882237,0.004724608693401611
1,0,False,0.43548590130916415,Non-Competitive,0.0023631350925561244,6.54318485396549e-05
1,1,False,0.21834088620342396,Neutral,0.002855454903505317,0.0031435371914888487
0,1,False,0.10223648875461562,Neutral,0.002855454903505317,0.029765158780974608
1,0,True,0.45436807653575034,Non-Competitive,0.0015754233950374162,0.013756338144065561
1,0,True,0.21834088620342396,Neutral,0.004824734147302088,0.0009816703307787777
0,1,True,0.038991691842900314,Competitive,0.03928712091374557,0.025357701852039696
0,1,False,0.20996978851963743,Neutral,0.0008861756597085466,0.013390393044552638
0,1,True,0.05281501762336353,Competitive,0.7876132335565184,0.004657089660674616
0,1,True,0.22462095781582186,Neutral,0.0007877116975187081,0.006012662071236069
0,1,True,0.11046072507552872,Neutral,0.0013784954706577393,0.006457089488904467
0,1,False,0.1546869754951326,Neutral,0.0013784954706577393,0.004890577177631833
0,1,False,0.06010825780463243,Competitive,0.00728633320204805,0.0035167933316579913
1,0,True,0.37569234642497484,Neutral,0.000393855848759354,0.0004706836182473064
1,1,True,0.43548590130916415,Non-Competitive,0.002855454903505317,0.0003311449390560199
0,0,False,0.37569234642497484,Neutral,0.002855454903505317,0.001060283671168235
0,1,True,0.052240684793554884,Competitive,0.019594328475777866,0.003711125509100729
1,0,False,0.43548590130916415,Non-Competitive,0.0013784954706577393,6.54318485396549e-05
0,1,True,0.05417086270560591,Competitive,0.005809373769200473,0.009399848864149811
0,1,False,0.1823928211768091,Neutral,0.0005907837731390312,0.005221512387526171
0,1,False,0.06004531722054386,Competitive,0.1968294604174872,0.009766711119300614
0,1,True,0.05451127108982094,Competitive,0.03269003544702639,0.002825634758149969
1,0,True,0.37569234642497484,Neutral,0.000393855848759354,0.0005886036288314921
0,1,False,0.05652064451158108,Competitive,0.14759747932256792,0.001144714398746512
1,1,True,0.09162051023833505,Neutral,0.0013784954706577393,0.008921093621178018
1,0,True,0.3756923464249748,Neutral,0.0008861756597085466,5.796358120265647e-05
0,0,False,0.13190248405505206,Neutral,0.0013784954706577393,0.003420256149659738
1,1,True,0.0405337361530715,Competitive,0.004824734147302088,0.012309852680899548
0,0,False,0.43548590130916415,Non-Competitive,0.019594328475777866,0.0023239931179287582
0,0,True,0.43548590130916415,Non-Competitive,0.14759747932256792,0.0013275690284923888
0,1,False,0.04777190332326285,Competitive,0.04913351713272942,0.004499617313206985
1,0,True,0.45436807653575034,Non-Competitive,0.0010831035840882237,0.006877670859988063
1,0,False,0.09466263846928501,Neutral,0.009747932256794014,0.0009533695282385732
0,1,False,0.007699731453507885,Competitive,0.07374950768018905,0.015595890309178857
0,1,True,0.43548590130916415,Non-Competitive,0.0016738873572272547,0.0006632863022014762
1,0,True,0.20868999664316884,Neutral,0.0013784954706577393,0.00038001623233146586
1,1,False,0.0664264211180391,Competitive,0.009157148483654983,0.004065487685588186
1,0,False,0.43548590130916415,Non-Competitive,0.0013784954706577393,0.0019918517547833016
1,1,False,0.12235649546827794,Neutral,0.0006892477353288697,0.010926257890045104
1,0,False,0.3756923464249748,Neutral,0.000393855848759354,5.796358120265647e-05
1,0,True,0.37569234642497484,Neutral,0.0018708152816069316,0.0005886036288314921
1,0,True,0.43548590130916415,Non-Competitive,0.0018708152816069316,0.0013275690284923888
1,0,True,0.20868999664316884,Neutral,0.0013784954706577393,0.00038001623233146586
0,0,False,0.05031050688150386,Competitive,0.2952934226073257,0.0018309564514528795
1,0,True,0.45436807653575034,Non-Competitive,9.846396218983852e-05,0.0003429369401144386
0,1,False,0.43548590130916415,Non-Competitive,0.0008861756597085466,0.0013275690284923888
1,0,False,0.027840718361866384,Competitive,0.002855454903505317,0.012409429578726193
1,0,True,0.43548590130916415,Non-Competitive,0.0013784954706577393,0.00664183083881969
0,0,True,0.43548590130916415,Non-Competitive,0.0018708152816069316,0.0005304297569432938
0,0,False,0.43548590130916415,Non-Competitive,0.0008861756597085466,3.2217712225109266e-05
1,1,False,0.43548590130916415,Non-Competitive,0.0038400945254037015,0.0005304297569432938
1,1,True,0.2620845921450151,Neutral,0.00029539188656951555,0.002685221417018314
1,1,False,0.37569234642497495,Non-Competitive,0.058979913351713265,0.0007654836447077707
0,1,True,0.0838368580060423,Competitive,0.0018708152816069316,0.04951440215361404
1,1,True,0.1621799021723493,Neutral,0.0012800315084679009,0.007103268685951407
1,1,False,0.21834088620342396,Neutral,0.006794013391098858,0.0019643370856469917
0,1,True,0.15751930177912055,Neutral,0.0013784954706577393,0.011731703971228686
1,0,False,0.43548590130916415,Non-Competitive,0.009747932256794014,0.003320417207365127
1,0,True,0.43548590130916415,Non-Competitive,0.00019692792437967703,6.54318485396549e-05
1,1,False,0.14766231265920265,Neutral,0.006597085466719181,0.001065763483424794
0,1,False,0.0071508400129318694,Competitive,0.21337140606538005,0.019392276460510463
1,1,False,0.0855362537764351,Neutral,0.0006892477353288697,0.014766519568070088
1,0,True,0.37569234642497484,Neutral,0.0018708152816069316,0.011791004634329132
0,1,True,0.43548590130916426,Non-Competitive,0.004824734147302088,0.00019828839379783746
0,1,True,0.0751510574018127,Competitive,0.0018708152816069316,0.010710071203974096
0,1,False,0.051359516616314174,Competitive,0.09836549822764869,0.0018440586748511222
1,0,True,0.43548590130916415,Non-Competitive,0.0013784954706577393,6.54318485396549e-05
0,1,False,0.048820913058073165,Competitive,0.0013784954706577393,0.021759176195712295
1,0,True,0.13651812688821757,Neutral,0.0018708152816069316,0.001104307141786331
0,0,True,0.2296701913393756,Neutral,0.0008861756597085466,0.00020261212751925757
1,1,False,0.3756923464249748,Neutral,0.000393855848759354,0.0014140437029207917
0,1,False,0.1641220687670839,Neutral,0.0005907837731390312,0.0035778197447546073
1,1,False,0.08113041289023164,Competitive,0.0018708152816069316,0.007758140272349982
1,1,True,0.21834088620342396,Neutral,0.0018708152816069316,0.00039207027785784926
0,1,False,0.044100369251426644,Competitive,0.14759747932256792,1.0
0,0,True,0.05723996547259387,Competitive,0.06882630957069713,0.0015338055117655306
1,0,False,0.16767371601208464,Neutral,0.0008861756597085466,0.001647918390579427
0,1,True,0.07899043303121854,Competitive,0.002855454903505317,0.00656950656566139
0,1,False,0.15288267875125883,Neutral,0.0006892477353288697,0.004668635995044318
0,0,True,0.09859642497482378,Neutral,0.007778653012997242,0.0018252897398331395
1,0,False,0.08786505538771401,Neutral,0.0038400945254037015,0.01725659712490614
0,1,True,0.052240684793554884,Competitive,0.019594328475777866,0.005567186475695812
0,1,True,0.09472557905337366,Neutral,0.0018708152816069316,0.011455168444185372
1,1,True,0.15763818954906567,Neutral,0.017625049231981094,0.00047487632973474406
1,0,False,0.04431017119838872,Competitive,0.09836549822764869,0.008784044364432397
1,1,True,0.1546869754951326,Neutral,0.0013784954706577393,0.0031346276795780437
0,1,True,0.061663789382822645,Competitive,0.0033477747144545094,0.00789402904645176
0,1,False,0.056961228600201405,Competitive,0.009747932256794014,0.001531020353420304
0,1,False,0.0074899295065458255,Competitive,0.09836549822764869,0.012321644681957967
0,0,True,0.37569234642497484,Neutral,0.009747932256794014,0.00884300436972449
0,1,True,0.06850033568311516,Competitive,0.004332414336352895,0.006176439863714105
1,0,False,0.37569234642497484,Neutral,0.014671130366285938,0.0029470038405152057
1,1,False,0.43548590130916415,Non-Competitive,0.0016738873572272547,0.0013275690284923888
1,0,True,0.08113041289023161,Competitive,0.0018708152816069316,0.006649692172858636
1,1,False,0.3756923464249748,Neutral,0.0008861756597085466,2.8483578556610052e-05
0,0,True,0.13620342396777446,Neutral,0.0018708152816069316,0.0014513850396057843
1,1,False,0.07245859908246617,Competitive,0.004332414336352895,0.005797610911192911
0,1,False,0.09472557905337363,Neutral,0.0018708152816069316,0.0023857045901344823
1,0,False,0.45436807653575045,Non-Competitive,0.029440724694761715,6.779024875133863e-05
0,1,True,0.0165436904485243,Competitive,0.006301693580149665,0.023464771228801962
0,1,True,0.0995720040281974,Neutral,0.0013784954706577393,0.017129636580177163
0,1,False,0.3756923464249748,Neutral,0.019594328475777866,0.00017588359178684213
0,1,False,0.15030211480362538,Neutral,0.0008861756597085466,0.003387946066759671
1,0,False,0.05941591137965761,Competitive,0.0038400945254037015,0.00875456436178635
0,0,True,0.09472557905337363,Neutral,0.0018708152816069316,0.004772405604358401
0,1,True,0.05109726418261161,Competitive,0.11805829066561638,0.003682562662092559
0,0,False,0.43548590130916415,Non-Competitive,0.029440724694761715,0.0013275690284923888
1,1,True,0.12846173212487416,Neutral,0.0018708152816069316,0.0014030378352662678
0,0,False,0.09044561933534749,Neutral,0.12298148877510831,0.002098923124393743
0,1,True,0.08528449144008059,Competitive,0.0023631350925561244,0.005670956085009895
0,1,True,0.184352970795569,Neutral,0.000393855848759354,0.008413775531198054
0,1,False,0.05293303121852973,Competitive,0.04913351713272942,0.0018637120099484865
1,0,False,0.45436807653575034,Non-Competitive,0.014671130366285938,0.0010308036685221884
0,0,True,0.45436807653575034,Non-Competitive,0.019594328475777866,0.003094403853745438
0,1,False,0.2022910372608258,Neutral,0.0008861756597085466,0.07460306360550538
1,0,False,0.2362789526686807,Neutral,0.0008861756597085466,0.0022840968476811082
0,1,False,0.07945199731453513,Competitive,0.011717211500590784,0.0032929025382288177
1,0,True,0.43548590130916415,Non-Competitive,0.0018708152816069316,0.0006632863022014762
0,0,False,0.37569234642497484,Neutral,0.0018708152816069316,0.0029470038405152057
1,0,True,0.10662134944612288,Neutral,0.0008861756597085466,0.010140124486150533
0,1,True,0.03140735146022157,Competitive,0.0018708152816069316,0.06383303597214976
0,0,False,0.07162638469284995,Competitive,0.005809373769200473,0.00125791760890733
1,0,False,0.45436807653575034,Non-Competitive,0.004824734147302088,8.154758331949362e-05
0,1,True,0.04799219536757303,Competitive,0.1968294604174872,0.005407994461407162
1,0,False,0.20868999664316884,Neutral,0.0013784954706577393,0.00038001623233146586
0,0,True,0.040407854984894256,Competitive,0.024517526585269792,0.1708257922422009
0,0,False,0.0794519973145351,Competitive,0.2952934226073257,0.001316563160837865
1,0,True,0.15288267875125888,Neutral,0.0008861756597085466,0.0031120918553330665
0,1,False,0.06098942598187314,Competitive,0.04913351713272942,0.003929670595383421
0,0,False,0.13137797918764688,Neutral,0.002855454903505317,0.002274597735717383
0,0,False,0.061409029875797314,Competitive,0.14759747932256792,0.006896013972745605
0,0,True,0.43548590130916415,Non-Competitive,0.0005907837731390312,0.00013186012116874615
1,0,False,0.43548590130916415,Non-Competitive,0.00029539188656951555,6.54318485396549e-05
1,0,True,0.0751510574018127,Competitive,0.0018708152816069316,0.009638964441167743
0,1,False,0.21834088620342396,Neutral,0.04913351713272942,0.005895004105119848
0,0,False,0.09472557905337368,Neutral,0.0018708152816069316,0.001431024184444915
1,1,True,0.43548590130916426,Non-Competitive,0.00531705395825128,0.000796142847459659
1,1,False,0.36448892245720044,Neutral,0.000393855848759354,0.012662354899205877
0,0,False,0.10788016112789527,Neutral,0.019594328475777866,0.0015296053132932937
0,1,False,0.3756923464249748,Neutral,0.014671130366285938,0.0007065236394156777
0,0,False,0.04598858677408528,Competitive,0.14759747932256792,0.021334664157609227
0,1,False,0.16389728096676737,Neutral,0.0006892477353288697,0.016252311701430825
1,0,True,0.37569234642497484,Neutral,0.002855454903505317,0.004715803999277992
0,1,False,0.0671261329305136,Competitive,0.007778653012997242,0.003061975850834787
0,1,True,0.12619587109768376,Neutral,0.0010831035840882237,0.006114492551487213
1,0,True,0.2086899966431689,Neutral,0.0013784954706577393,0.001904066858015075
0,1,True,0.43548590130916415,Non-Competitive,0.002855454903505317,0.0013275690284923888
0,1,False,0.11102719033232634,Neutral,0.009747932256794014,0.00129415835882687
1,1,True,0.06726949759427102,Competitive,0.008763292634895628,0.0022471529451058635
0,1,False,0.05688503736683094,Competitive,0.09344230011815675,0.007655280922766723
1,0,False,0.45436807653575034,Non-Competitive,0.002855454903505317,0.0006868703043183136
1,1,False,0.10223648875461562,Neutral,0.002855454903505317,0.0049600294434212384
0,1,False,0.05293303121852973,Competitive,0.04913351713272942,0.002236653696756071
0,0,True,0.05932150050352471,Competitive,0.007778653012997242,0.004665805914790298
0,0,False,0.45436807653575045,Non-Competitive,0.00935407640803466,0.00020536359443288865
1,1,True,0.18071640371489323,Neutral,0.004332414336352895,0.0017293705460385035
0,0,False,0.45436807653575034,Non-Competitive,0.019594328475777866,0.008253404316803561
1,0,True,0.11555891238670697,Neutral,0.0023631350925561244,0.008469119322832232
1,1,True,0.17883356572933617,Neutral,0.005021662071681764,0.001805433038071368
0,0,True,0.19819989929506554,Neutral,0.0018708152816069316,0.0018385557410238607
0,1,False,0.05129657603222561,Competitive,0.024517526585269792,0.0018432725414472282
0,0,False,0.43548590130916415,Non-Competitive,0.04913351713272942,0.0009954276653469326
1,0,False,0.18246475327291045,Neutral,0.0038400945254037015,0.00034726067383585875
0,0,True,0.43548590130916415,Non-Competitive,0.009747932256794014,3.2217712225109266e-05
1,1,True,0.10140627247878002,Neutral,0.006794013391098858,0.001728103997776673
1,1,True,0.08125629405840885,Competitive,0.004824734147302088,0.0022174720417010435
1,1,True,0.13840634441087618,Neutral,0.0006892477353288697,0.0058635587689640665
0,1,False,0.020917254112118186,Competitive,0.002855454903505317,0.0322252322462287
0,0,False,0.09201014242555026,Neutral,0.03436392280425364,0.001175396062452797
1,1,False,0.055425839298025234,Competitive,0.02737298148877511,0.003153915202176031
0,0,False,0.08286127895266869,Competitive,0.03928712091374557,0.0013421124964644387
1,0,False,0.007214122452674346,Competitive,0.1751673887357227,0.012677021145316287
0,0,True,0.12846173212487416,Neutral,0.0018708152816069316,0.002807072094621972
0,1,True,0.05976763817309404,Competitive,0.006597085466719181,0.007019267358971897
0,1,True,0.07399391897126036,Competitive,0.006301693580149665,0.00212676434125167
1,1,False,0.059311010406176576,Competitive,0.0010831035840882237,0.01749833314660372
0,1,False,0.39363041289023165,Non-Competitive,0.000393855848759354,0.0036710327055021062
1,0,False,0.05941591137965761,Competitive,0.0018708152816069316,0.010700244536425414
0,1,True,0.13190248405505206,Neutral,0.0013784954706577393,0.0025649430062224445
0,1,True,0.21834088620342396,Neutral,0.006597085466719181,0.00039207027785784926
1,0,True,0.43548590130916415,Non-Competitive,0.0008861756597085466,0.0006632863022014762
0,1,False,0.1698766364551863,Neutral,0.019594328475777866,0.0009966068654527747
1,0,False,0.23627895266868076,Neutral,0.0008861756597085466,0.002076361095701968
0,1,True,0.12619587109768382,Neutral,0.0010831035840882237,0.008016659801986006
1,1,True,0.2745738023305999,Neutral,0.0005907837731390312,0.005558628852070559
1,0,True,0.43548590130916426,Non-Competitive,0.03436392280425364,0.000796142847459659
0,0,False,0.45436807653575056,Non-Competitive,0.0005907837731390312,0.00041172361295521373
1,1,True,0.09906847935548847,Neutral,0.0014769594328475778,0.0048808920140958525
1,0,False,0.37569234642497484,Neutral,0.0033477747144545094,0.0011782036817524206
1,1,True,0.0961312520980195,Neutral,0.0010831035840882237,0.01009688714893633
0,1,True,0.43548590130916415,Non-Competitive,0.019594328475777866,1.2289230436381886e-05
0,1,False,0.11046072507552872,Neutral,0.0013784954706577393,0.004028849185618759
0,1,True,0.09757588836138688,Neutral,0.0033477747144545094,0.008719289432905883
0,1,False,0.011056562604900982,Competitive,0.014671130366285938,0.016099015687671383
0,1,False,0.046119712990936576,Competitive,0.39375738479716427,0.004448027308576403
0,1,True,0.10089947816533919,Neutral,0.0009846396218983853,0.009854257793825233
0,0,False,0.37569234642497484,Neutral,0.0010831035840882237,0.0029470038405152057
0,0,False,0.21834088620342396,Neutral,0.04913351713272942,0.00031345693746839213
0,1,True,0.06885699899295068,Competitive,0.0023631350925561244,0.010317004502026812
0,1,False,0.12078298086606244,Neutral,0.002855454903505317,0.0016262997219723262
1,0,True,0.24540533736153075,Neutral,0.0006892477353288697,0.0005112481018882663
1,0,False,0.21834088620342396,Neutral,0.1968294604174872,0.0007851369798051349
0,0,False,0.21834088620342396,Neutral,0.04913351713272942,0.00039207027785784926
1,0,True,0.43548590130916415,Non-Competitive,0.0018708152816069316,0.0003311449390560199
1,0,False,0.3756923464249748,Neutral,0.000393855848759354,5.796358120265647e-05
1,0,True,0.43548590130916426,Non-Competitive,0.0018708152816069316,0.00019828839379783746
0,1,True,0.01585203567831968,Competitive,0.006794013391098858,0.01681776622837499
1,0,True,0.37569234642497484,Neutral,0.0012800315084679009,0.0011782036817524206
0,1,False,0.043995468277945635,Competitive,0.1968294604174872,0.00701131353865014
1,0,True,0.12990936555891242,Neutral,0.0023631350925561244,0.0014120783694110558
0,1,False,0.10494293387042634,Neutral,0.2952934226073257,0.001507593577984246
1,0,False,0.15445619335347432,Neutral,0.0018708152816069316,0.0018786485446224835
1,0,False,0.05941591137965761,Competitive,0.0018708152816069316,0.01147851660628104
1,1,True,0.43548590130916426,Non-Competitive,0.07867270578968098,0.000796142847459659
1,1,False,0.1698766364551863,Neutral,0.019594328475777866,0.001661675725147582
1,0,False,0.17931772406847946,Neutral,0.004824734147302088,0.00041219529299755034
0,1,True,0.0405337361530715,Competitive,0.004824734147302088,0.01196788465020541
0,1,True,0.15288267875125883,Neutral,0.0008861756597085466,0.0024894741994485655
1,0,True,0.45436807653575034,Non-Competitive,0.000393855848759354,0.0003429369401144386
1,0,True,0.19190584088620344,Neutral,0.0023631350925561244,3.5008485808935e-05
0,1,True,0.43548590130916415,Non-Competitive,0.9845411579361953,0.0013275690284923888
1,0,True,0.45436807653575034,Non-Competitive,0.0038400945254037015,0.0006868703043183136
1,0,True,0.10662134944612288,Neutral,0.0008861756597085466,0.010140124486150533
0,1,False,0.0515343515721159,Competitive,0.08851910200866484,0.0018462423787508294
1,1,True,0.09159842582286536,Neutral,0.0017723513194170934,0.005868110067618193
0,1,False,0.056961228600201405,Competitive,0.009747932256794014,0.001531020353420304
0,1,True,0.1419310171198389,Neutral,0.0008861756597085466,0.002975304643055411
1,0,True,0.43548590130916415,Non-Competitive,0.0008861756597085466,5.646403173472759e-06
0,1,True,0.43548590130916415,Non-Competitive,0.0018708152816069316,0.0016597103916378454
0,0,False,0.08125629405840885,Competitive,0.004824734147302088,0.0022174720417010435
1,1,False,0.10504783484390741,Neutral,0.1968294604174872,0.0012568170221418779
1,1,False,0.061360076088172774,Competitive,0.017625049231981094,0.005120907277120464
0,1,False,0.16704431017119847,Neutral,0.1968294604174872,0.000985994064500198
1,1,True,0.30371529276363113,Neutral,0.0005907837731390312,0.002247653949171996
0,1,False,0.10506881503860359,Neutral,0.002855454903505317,0.011320503792098232
1,1,True,0.09169044422065574,Neutral,0.0034462386766443477,0.0029349934690668165
0,1,True,0.43548590130916415,Non-Competitive,0.0018708152816069316,0.0002647166664269287
1,0,True,0.43548590130916415,Non-Competitive,0.000393855848759354,0.00013186012116874615
0,1,True,0.01472809667673719,Competitive,0.007778653012997242,0.01248673269677583
0,0,False,0.022447574195841494,Competitive,0.008270972823946435,0.013354485245251218
1,0,False,0.17302366565961735,Neutral,0.009747932256794014,0.00033546867277744016
1,0,True,0.07399391897126036,Competitive,0.006301693580149665,0.0021480419489050815
0,0,False,0.050100704934541815,Competitive,0.49222134698700276,0.001828336006773231
0,1,False,0.45436807653575034,Non-Competitive,9.846396218983852e-05,0.0021313904339745884
1,0,False,0.27163058073178914,Neutral,0.0004923198109491925,4.496617559159956e-05
0,0,True,0.19819989929506554,Neutral,0.0018708152816069316,0.00021974983572415927
1,0,False,0.43548590130916426,Non-Competitive,0.00531705395825128,9.864598485420055e-05
0,0,False,0.06048590130916416,Competitive,0.019594328475777866,0.004896614682173743
1,1,True,0.060150218194024815,Competitive,0.005809373769200473,0.005863558768964065
0,1,False,0.06027609936220206,Competitive,0.014671130366285938,0.00391185157156181
1,0,True,0.45436807653575045,Non-Competitive,0.000393855848759354,3.339691233095113e-05
0,1,True,0.12141238670694869,Neutral,0.0018708152816069316,0.0027190251533857806
0,1,True,0.13620342396777446,Neutral,0.0018708152816069316,0.0014513850396057843
0,0,False,0.04516436483959142,Competitive,0.6891492713666798,0.021211128908425796
0,1,False,0.1496457344267012,Neutral,0.0005907837731390312,0.006758852411227998
1,0,False,0.37569234642497484,Neutral,0.49222134698700276,0.0011782036817524206
0,0,True,0.09308912386706951,Neutral,0.0018708152816069316,0.005914657440217213
1,0,False,0.19409507859363373,Neutral,0.002166207168176447,7.156027111871128e-05
0,1,False,0.05673209658621585,Competitive,0.00866482867270579,0.00573548085484641
0,1,True,0.10309667673716012,Neutral,0.0018708152816069316,0.004981517089794356
0,1,False,0.168827626720376,Neutral,0.029440724694761715,0.000992676198433302
1,1,True,0.07105991943605237,Competitive,0.005809373769200473,0.0014627839739622553
1,0,False,0.43548590130916415,Non-Competitive,0.029440724694761715,0.0006632863022014762
0,0,False,0.11102719033232634,Neutral,0.009747932256794014,0.00129415835882687
1,1,True,0.19190584088620344,Neutral,0.0023631350925561244,0.00017902812540242043
0,1,False,0.03843571668345082,Competitive,0.005809373769200473,0.010100817815955803
1,0,True,0.19819989929506548,Neutral,0.0018708152816069316,0.00014616774911962736
0,0,False,0.08943070241691843,Neutral,0.7876132335565184,0.0012753157238022718
1,0,False,0.45436807653575045,Non-Competitive,0.0013784954706577393,0.00013657692159211362
1,1,False,0.3756923464249748,Neutral,0.0008861756597085466,2.8483578556610052e-05
0,0,False,0.09990768714333671,Neutral,0.00728633320204805,0.000979573975035059
1,0,True,0.05626888217522659,Competitive,0.004824734147302088,0.007624497593687905
1,0,True,0.43548590130916415,Non-Competitive,0.0038400945254037015,0.003320417207365127
1,0,False,0.43548590130916415,Non-Competitive,0.0018708152816069316,5.646403173472759e-06
1,1,True,0.04577878482712318,Competitive,0.029440724694761715,0.008875759928220097
1,1,True,0.37569234642497484,Neutral,0.009747932256794014,0.005010604025738456
1,0,True,0.37569234642497484,Neutral,0.0008861756597085466,0.00011692358649474932
0,0,True,0.10683115139308498,Neutral,0.029440724694761715,0.0012679539120303842
0,1,False,0.050918932527693875,Competitive,0.04913351713272942,0.005959152590877645
1,0,True,0.43548590130916415,Non-Competitive,0.0018708152816069316,0.004648982659946953
0,1,True,0.08994209466263851,Neutral,0.0018708152816069316,0.005816390764730392
0,1,True,0.20587865055387716,Neutral,0.0008861756597085466,0.01887406660341922
1,1,False,0.16777861698556568,Neutral,0.058979913351713265,0.0019784874869170944
0,1,False,0.15030211480362538,Neutral,0.0008861756597085466,0.0030798603857733883
0,1,False,0.45436807653575034,Non-Competitive,0.002855454903505317,0.003438337217949313
0,0,True,0.10662134944612288,Neutral,0.0008861756597085466,0.010140124486150533
0,1,False,0.052153536292509114,Competitive,0.0024615990547459626,0.009644860441696953
0,0,False,0.21834088620342396,Neutral,0.010732571878692398,0.0009816703307787777
1,0,False,0.45436807653575034,Non-Competitive,0.000393855848759354,1.276091047871863e-05
1,0,False,0.17335493189166273,Neutral,0.009255612445844821,0.0003358824272005426
1,0,False,0.21918009399127225,Neutral,0.0010831035840882237,0.0003142954797658796
1,0,True,0.11102719033232634,Neutral,0.009747932256794014,0.00129415835882687
0,1,True,0.11826535750251767,Neutral,0.0038400945254037015,0.0010176752406771492
1,1,False,0.37569234642497484,Neutral,0.00019692792437967703,0.001767803734673349
1,0,True,0.43548590130916415,Non-Competitive,0.0013784954706577393,0.00664183083881969
0,0,True,0.43548590130916415,Non-Competitive,0.1968294604174872,0.0013275690284923888
1,1,False,0.12267119838872108,Neutral,0.0008861756597085466,0.005470492067016781
0,1,True,0.05696122860020146,Competitive,0.009747932256794014,0.0019140245477977397
1,0,True,0.2086899966431689,Neutral,0.0013784954706577393,0.0005705225605419171
0,1,False,0.45436807653575034,Non-Competitive,0.04913351713272942,0.006877670859988063
1,1,True,0.30371529276363113,Neutral,0.0005907837731390312,0.0019978039076985034
0,1,True,0.23061430010070494,Neutral,0.000393855848759354,0.0020409850925267124
1,1,False,0.18372356495468278,Neutral,0.0008861756597085466,0.002272894446675611
1,0,False,0.43548590130916415,Non-Competitive,0.0008861756597085466,6.54318485396549e-05
0,0,False,0.08207452165156094,Competitive,0.04913351713272942,0.0004447412159187856
0,1,False,0.10279995684074238,Neutral,0.006794013391098858,0.0014915339955903996
1,1,False,0.43548590130916426,Non-Competitive,0.009747932256794014,0.00019828839379783746
1,0,True,0.45436807653575034,Non-Competitive,0.002855454903505317,0.030953006354259308
1,0,True,0.37569234642497484,Neutral,0.0010831035840882237,0.0002938036023710279
0,1,True,0.06850033568311516,Competitive,0.004332414336352895,0.0020581490051784107
1,0,True,0.20868999664316878,Neutral,0.0013784954706577393,3.7104841552653846e-05
0,0,True,0.1021106075864384,Neutral,0.0010831035840882237,0.00867529591022698
1,1,False,0.2191800939912723,Neutral,0.0010831035840882237,0.00019606101582013617
1,0,False,0.09204011413225914,Neutral,0.011717211500590784,0.0007049513726078885
1,0,True,0.13137797918764688,Neutral,0.002855454903505317,0.0008523513858381207
0,1,False,0.04667044310171199,Competitive,0.11805829066561638,0.0033486688765675884
1,1,False,0.21834088620342396,Neutral,0.04913351713272942,0.00039207027785784926
0,0,False,0.43548590130916415,Non-Competitive,0.000393855848759354,0.0013275690284923888
0,1,True,0.07899043303121857,Competitive,0.002855454903505317,0.007664590397286529
0,1,False,0.06237411883182277,Competitive,0.012209531311539977,0.003964260465154782
1,1,True,0.17022630636678976,Neutral,0.017625049231981094,0.0013308882584199442
0,1,True,0.09466263846928501,Neutral,0.009747932256794014,0.0011919610163205756
1,0,True,0.16494629070157774,Neutral,0.0013784954706577393,0.0016308855001617112
0,0,False,0.37569234642497484,Neutral,0.0004923198109491925,0.001767803734673349
1,1,False,0.090193856998993,Neutral,0.24606144151240644,0.002329102985054073
1,0,False,0.45436807653575045,Non-Competitive,0.000393855848759354,6.779024875133863e-05
0,1,True,0.1546869754951326,Neutral,0.0013784954706577393,0.004702439731411784
0,1,False,0.07546576032225578,Competitive,0.04913351713272942,0.002681683816700788
1,0,True,0.45436807653575034,Non-Competitive,0.002855454903505317,0.0017186703969299384
0,0,False,0.06640231621349447,Competitive,0.004824734147302088,0.004064885540853287
1,1,True,0.17931772406847946,Neutral,0.004824734147302088,0.0020649621613454973
1,1,True,0.07735397784491442,Competitive,0.002855454903505317,0.0056402968822580075
0,1,True,0.17092564618999673,Neutral,0.014671130366285938,0.0016682268368467036
1,1,True,0.18382846592816382,Neutral,0.0013784954706577393,0.0027986866716470968
0,0,True,0.20868999664316884,Neutral,0.0013784954706577393,0.0030471048272777816
0,1,False,0.1781733498123227,Neutral,0.00531705395825128,0.0013705919656873467
1,0,False,0.45436807653575045,Non-Competitive,0.0023631350925561244,3.339691233095113e-05
0,0,False,0.05626888217522656,Competitive,0.24606144151240644,0.0038117505847992334
1,1,True,0.43548590130916415,Non-Competitive,0.008763292634895628,0.002808919508121124
0,0,False,0.221487915407855,Neutral,0.0835959038991729,0.015878898334580904
1,0,True,0.10882426988922457,Neutral,0.0013784954706577393,0.012812978059392075
0,1,True,0.1009776770728432,Neutral,0.002855454903505317,0.02104831244479595
0,1,True,0.09162051023833499,Neutral,0.0013784954706577393,0.007042758874805922
0,1,False,0.16679254783484387,Neutral,0.9845411579361953,0.0013137330805838446
1,1,True,0.07399391897126038,Competitive,0.006301693580149665,0.0025523164943198917
0,1,False,0.027840718361866384,Competitive,0.002855454903505317,0.019390294205309987
0,0,False,0.43548590130916415,Non-Competitive,0.0033477747144545094,0.0002647166664269287
1,0,False,0.09466263846928501,Neutral,0.009747932256794014,0.0011919610163205756
0,0,True,0.20134692849949648,Neutral,0.000393855848759354,0.008923189976921736
0,1,False,0.45436807653575045,Non-Competitive,0.0038400945254037015,0.00013657692159211362
1,1,False,0.10695306333523859,Neutral,0.0035447026388341863,0.002030542266364167
0,1,True,0.43548590130916415,Non-Competitive,0.019594328475777866,1.2289230436381886e-05
0,1,True,0.12846173212487416,Neutral,0.0018708152816069316,0.0050535269095910995
0,0,True,0.13966515609264857,Neutral,0.0008861756597085466,0.004715803999277992
1,0,False,0.06466096005370932,Competitive,0.002855454903505317,0.009049364388246816
0,1,True,0.059322454148738143,Competitive,0.016148089799133517,0.003499126770072288
0,0,True,0.45436807653575045,Non-Competitive,0.0013784954706577393,0.00013657692159211362
1,0,True,0.37569234642497484,Neutral,0.0010831035840882237,8.74435838487029e-05
1,0,False,0.1859264853977845,Neutral,0.0008861756597085466,0.0017619077341441396
0,0,False,0.04525427995971802,Competitive,0.03928712091374557,0.007427964242714262
1,0,False,0.43548590130916415,Non-Competitive,0.0023631350925561244,6.54318485396549e-05
0,1,False,0.292610775427996,Neutral,0.000393855848759354,0.0005820001082387778
1,0,True,0.18770980194696213,Neutral,0.002855454903505317,0.003547085672154729
0,1,False,0.43548590130916415,Non-Competitive,0.009747932256794014,0.06642727620500184
0,1,False,0.0510588004923352,Competitive,0.04421031902323749,0.0055229009606097505
1,0,False,0.1859264853977845,Neutral,0.0008861756597085466,0.0019381981499674973
0,1,True,0.11046072507552875,Neutral,0.0013784954706577393,0.002582237941108125
0,1,True,0.08113041289023164,Competitive,0.0018708152816069316,0.007093071412655175
0,0,True,0.15833752937227263,Neutral,0.014671130366285938,0.00047618655207456843
0,1,True,0.08736153071500503,Neutral,0.002855454903505317,0.0020642546412819917
0,1,False,0.1679884189325277,Neutral,0.0010831035840882237,0.0009895316648177235
0,1,True,0.05765357502517625,Competitive,0.019594328475777866,0.0028652695505122874
0,1,False,0.04882091305807319,Competitive,0.0013784954706577393,0.018132480759078678
1,0,True,0.18770980194696207,Neutral,0.002855454903505317,0.00077958163708428
0,0,False,0.34494587109768376,Neutral,0.9845411579361953,0.0011013984481919208
1,1,False,0.21582326283987918,Neutral,0.000393855848759354,0.00350830309089593
1,1,False,0.13840634441087613,Neutral,0.0018708152816069316,0.002344825653131964
0,1,True,0.10043219201074192,Neutral,0.0013784954706577393,0.006143946349686465
1,0,True,0.15445619335347432,Neutral,0.0018708152816069316,0.0015653743831704969
1,0,True,0.19819989929506548,Neutral,0.0018708152816069316,0.0007348244419558823
1,1,True,0.05941591137965761,Competitive,0.0018708152816069316,0.011283948588817134
0,1,True,1.0,Non-Competitive,0.0,0.013692661338350101
0,1,True,0.05576535750251764,Competitive,0.04913351713272942,0.0061742779968533956
0,1,True,0.14973564954682783,Neutral,0.0008861756597085466,0.004148608748368058
1,1,True,0.13190248405505206,Neutral,0.0013784954706577393,0.0020517551201600683
1,0,True,0.05626888217522659,Competitive,0.004824734147302088,0.007624497593687905
1,1,True,0.12927995971802625,Neutral,0.0014769594328475778,0.0050155566661829925
0,1,False,0.03109264853977843,Competitive,0.019594328475777866,0.009550524433229603
0,1,True,0.07436430010070495,Competitive,0.39375738479716427,0.0026644871484905945
1,0,True,0.43548590130916415,Non-Competitive,0.019594328475777866,6.54318485396549e-05
0,0,False,0.43548590130916415,Non-Competitive,0.005809373769200473,0.0019918517547833016
0,1,True,0.08113041289023164,Competitive,0.0018708152816069316,0.007093071412655175
1,0,True,0.37569234642497484,Neutral,0.0012800315084679009,0.014739004898933775
0,1,True,0.052240684793554884,Competitive,0.019594328475777866,0.003711125509100729
0,0,True,0.12619587109768382,Neutral,0.0010831035840882237,0.009450213810892658
1,0,True,0.43548590130916415,Non-Competitive,0.0013784954706577393,0.0016597103916378454
0,1,True,0.17466711424415354,Neutral,0.0007877116975187081,0.0023686280256387726
0,0,False,0.2875755287009064,Neutral,0.014671130366285938,0.005753500092418827
0,1,False,0.06056982208794902,Competitive,0.07374950768018905,0.0039191888166648274
1,1,True,0.1372034799149603,Neutral,0.0016738873572272547,0.0037330883294424233
0,0,True,0.16494629070157774,Neutral,0.0013784954706577393,0.0016308855001617112
0,0,True,0.11646296804907079,Neutral,0.0020677432059866088,0.03296071960113296
0,0,True,0.15445619335347432,Neutral,0.0018708152816069316,0.0015653743831704969
0,0,False,0.45436807653575034,Non-Competitive,0.0010831035840882237,0.0003258778452499264
1,0,True,0.09466263846928501,Neutral,0.009747932256794014,0.0019077354805665829
0,1,True,0.17554128902316213,Neutral,0.000393855848759354,0.010187292490384206
1,0,True,0.11868496139644179,Neutral,0.0013784954706577393,0.0053709151691901345
0,1,False,0.06552114803625379,Competitive,0.009747932256794014,0.003436293271099187
0,0,False,0.43548590130916415,Non-Competitive,0.0008861756597085466,0.0006632863022014762
1,1,False,0.218340886203424,Neutral,0.000393855848759354,0.0009423636605840493
1,0,True,0.1362034239677744,Neutral,0.0018708152816069316,0.001741861332344828
0,1,True,0.12846173212487416,Neutral,0.0018708152816069316,0.005615140613333381
0,1,False,0.18803949072075965,Neutral,0.03436392280425364,0.00710340345167779
1,1,False,0.05293303121852973,Competitive,0.04913351713272942,0.0037284204439864094
1,0,True,0.13190248405505206,Neutral,0.0013784954706577393,0.003420256149659738
1,1,True,0.13190248405505206,Neutral,0.0013784954706577393,0.0021372864345037975
1,1,True,0.19190584088620344,Neutral,0.0023631350925561244,0.00014302321550404908
0,1,False,0.03214165827458877,Competitive,0.014671130366285938,0.010431648956761436
1,1,False,0.09807595476024476,Neutral,0.0011815675462780622,0.007284646076004251
0,1,False,0.1546869754951326,Neutral,0.0013784954706577393,0.0031346276795780437
1,1,True,0.43548590130916415,Non-Competitive,0.000393855848759354,0.0009954276653469326
0,0,True,0.23627895266868076,Neutral,0.0008861756597085466,0.002076361095701968
0,1,False,0.09472557905337363,Neutral,0.0018708152816069316,0.004295065401513617
1,0,True,0.43548590130916415,Non-Competitive,0.0018708152816069316,0.0013275690284923888
1,0,False,0.43548590130916415,Non-Competitive,0.0038400945254037015,6.54318485396549e-05
0,1,False,0.07899043303121857,Competitive,0.002855454903505317,0.0015321209401857566
0,1,False,0.04787680429674389,Competitive,0.014671130366285938,0.007205226444944134
0,1,True,0.09308912386706951,Neutral,0.0018708152816069316,0.0070977882130785425
1,0,True,0.05941591137965761,Competitive,0.0018708152816069316,0.010700244536425414
0,1,False,0.07162638469284995,Competitive,0.005809373769200473,0.004195383685899785
0,0,False,0.43548590130916415,Non-Competitive,0.00728633320204805,0.0013275690284923888
0,0,True,0.05903826787512591,Competitive,0.029440724694761715,0.0029104486372341083
1,0,True,0.21168716731405557,Neutral,0.0012800315084679009,0.000768515873551364
1,1,True,0.1546869754951326,Neutral,0.0013784954706577393,0.0031346276795780437
1,0,True,0.45436807653575034,Non-Competitive,0.00029539188656951555,0.0003429369401144386
0,0,True,0.1250365461455999,Neutral,0.002953918865695155,0.0013816473989377174
0,1,False,0.04511441199507667,Competitive,0.8860771957463568,0.04240828027134304
1,1,False,0.2296701913393756,Neutral,0.0008861756597085466,8.044699655404121e-05
1,0,False,0.18246475327291045,Neutral,0.0038400945254037015,0.0005213892227985063
0,0,False,0.059940416247062825,Competitive,0.2952934226073257,0.0039034661485869353
1,0,True,0.43548590130916415,Non-Competitive,0.0008861756597085466,6.54318485396549e-05
0,1,True,0.021336858006042292,Competitive,0.009747932256794014,0.011024524565531926
1,0,True,0.08994209466263849,Neutral,0.0018708152816069316,0.00651447722738877
1,0,False,0.22148791540785495,Neutral,0.24606144151240644,0.009923937800079524
0,1,True,0.2183408862034239,Neutral,0.005021662071681764,0.0007065236394156777
0,0,True,0.11046072507552872,Neutral,0.0013784954706577393,0.0020655910680686127
1,0,False,0.45436807653575045,Non-Competitive,0.0033477747144545094,0.0002741502672736636
1,0,True,0.17512168512923793,Neutral,0.00728633320204805,0.002542145137509501
1,0,True,0.0836480362537765,Competitive,0.0023631350925561244,0.005619857413756749
0,0,False,0.056102947908083886,Competitive,0.010732571878692398,0.0019033045468355406
1,0,False,0.43548590130916415,Non-Competitive,9.846396218983852e-05,0.00013186012116874615
0,1,False,0.37569234642497484,Neutral,0.04421031902323749,0.0011782036817524206
1,1,True,0.07105991943605235,Competitive,0.005809373769200473,0.004808567740937551
0,0,False,0.16735901309164153,Neutral,0.09836549822764869,0.0016459530570696907
0,0,True,0.11952416918429003,Neutral,0.004824734147302088,0.002156153636197267
0,1,True,0.06617677912051027,Competitive,0.00935407640803466,0.002029127580351303
0,0,True,0.1292799597180262,Neutral,0.009747932256794014,0.0014081477023915826
0,1,True,0.15030211480362538,Neutral,0.0008861756597085466,0.0023096461833076822
1,1,False,0.0894175897952333,Neutral,0.014671130366285938,0.0009271650814420874
1,0,True,0.1683031218529708,Neutral,0.03928712091374557,0.0008254263167547318
1,0,False,0.09120090634441093,Neutral,0.0018708152816069316,0.004215823154401045
0,1,False,0.05208091254163759,Competitive,0.025502166207168175,0.005561199767466153
0,1,True,0.07477341389728094,Competitive,0.004824734147302088,0.0027777493186567047
0,0,True,0.37569234642497484,Neutral,0.0015754233950374162,0.0014730037082128847
1,0,True,0.2086899966431689,Neutral,0.0013784954706577393,0.00045621876361564634
0,0,True,0.18091221886539105,Neutral,0.0010831035840882237,0.00519377310884589
1,0,False,0.43548590130916415,Non-Competitive,0.1968294604174872,0.003320417207365127
0,1,False,0.04597663733760622,Competitive,0.9999999999999999,0.009777027136898138
1,1,True,0.14396609600537097,Neutral,0.002855454903505317,0.0018000352042330263
0,1,True,0.36448892245720044,Neutral,0.000393855848759354,0.012662354899205877
1,0,True,0.43548590130916415,Non-Competitive,0.0010831035840882237,0.0006632863022014762
1,1,False,0.43548590130916415,Non-Competitive,0.03337928318235525,0.005313265386237865
0,1,False,0.37569234642497484,Neutral,0.0033477747144545094,0.0023574037875942777
0,1,True,0.11952416918429003,Neutral,0.004824734147302088,0.002695441151268943
1,0,False,0.43548590130916415,Non-Competitive,0.000393855848759354,0.0003311449390560199
1,0,False,0.1671492111446794,Neutral,0.14759747932256792,0.004935921352368471
1,0,False,0.16714921114467945,Neutral,0.14759747932256792,0.0001635675017924939
0,1,True,0.37569234642497484,Neutral,0.014671130366285938,0.05895900886800341
1,0,True,0.43548590130916415,Non-Competitive,0.0013784954706577393,0.003320417207365127
1,1,True,0.21834088620342396,Neutral,0.0014769594328475778,0.0015712703836997062
1,0,False,0.24918177240684797,Neutral,0.0008861756597085466,0.0004305908146486832
0,1,False,0.45436807653575034,Non-Competitive,0.004332414336352895,0.0010308036685221884
1,0,False,0.2756168177240685,Neutral,0.0006892477353288697,0.0018574229427173303
1,1,True,0.37569234642497484,Neutral,0.019594328475777866,0.0023574037875942777
1,0,False,0.37569234642497495,Non-Competitive,0.0013784954706577393,4.899576439772917e-06
0,1,False,0.37569234642497484,Neutral,0.0033477747144545094,0.0011782036817524206
0,1,False,0.21834088620342396,Neutral,0.0018708152816069316,0.0015712703836997062
0,1,True,0.007175226586102715,Competitive,0.1968294604174872,0.0155172769687894
0,1,False,0.1604355488418932,Neutral,0.009747932256794014,0.0006404884334885337
1,0,True,0.1292799597180262,Neutral,0.009747932256794014,0.001887256705395129
0,0,True,0.15445619335347432,Neutral,0.0018708152816069316,0.0015653743831704969
1,0,False,0.3756923464249748,Neutral,0.019594328475777866,0.0007065236394156777
1,0,True,0.16798841893252775,Neutral,0.04913351713272942,0.00016409159072842361
1,0,False,0.17931772406847934,Neutral,0.004824734147302088,0.00017116679136347472
1,0,False,0.43548590130916415,Non-Competitive,0.0033477747144545094,0.0009954276653469326
0,1,False,0.07679450598634892,Competitive,0.0007877116975187081,0.02378914734088006
0,1,True,0.09472557905337363,Neutral,0.0018708152816069316,0.004772405604358401
1,0,False,0.21834088620342396,Neutral,0.002855454903505317,0.0009816703307787777
0,1,True,0.09472557905337368,Neutral,0.0018708152816069316,0.001431024184444915
1,1,True,0.1847126312760754,Neutral,0.0033477747144545094,0.001578794803422697
0,1,False,0.015672205438066467,Competitive,0.0038400945254037015,0.08395805111185078
0,1,False,0.12004867405169521,Neutral,0.0046278062229224105,0.0027019922629680643
0,1,True,0.0946176809092217,Neutral,0.0012800315084679009,0.007155063646790861
0,0,False,0.45436807653575034,Non-Competitive,0.04421031902323749,0.0017186703969299384
0,0,True,0.37569234642497484,Neutral,0.014671130366285938,0.0023574037875942777
1,0,True,0.07601124538435718,Competitive,0.005809373769200473,0.004304918273509096
1,0,True,0.43548590130916415,Non-Competitive,0.0013784954706577393,0.00013186012116874615
0,0,False,0.37569234642497484,Neutral,0.009747932256794014,0.0002938036023710279
1,0,False,0.43548590130916415,Non-Competitive,0.00019692792437967703,5.214619401383665e-05
0,1,True,0.05830616950230562,Competitive,0.007384797164237889,0.019317197590561896
0,1,False,0.019448640483383697,Competitive,0.004824734147302088,0.014463858207570676
0,0,True,0.09474356207739891,Neutral,0.0033477747144545094,0.003579392011562395
1,0,False,0.43548590130916415,Non-Competitive,0.002855454903505317,0.0003311449390560199
0,1,False,0.06728348439073513,Competitive,0.0014769594328475778,0.012262684676665874
0,1,False,0.11260070493454181,Neutral,0.0008861756597085466,0.00939487001925848
0,1,True,0.11092228935884531,Neutral,0.002855454903505317,0.002070203050704794
0,0,True,0.05000979075752489,Competitive,0.0016738873572272547,0.015538677267006529
1,1,False,0.43548590130916415,Non-Competitive,0.0038400945254037015,0.0019918517547833016
0,1,True,0.046198388721047354,Competitive,0.0014769594328475778,0.028488478133049826
1,1,False,0.10111404833836861,Neutral,0.007778653012997242,0.0011089256755342114
0,1,True,0.05017938066465254,Competitive,0.39375738479716427,0.0027444762223368664
1,0,False,0.45436807653575034,Non-Competitive,0.0018708152816069316,0.0003429369401144386
1,0,False,0.12846173212487416,Neutral,0.0018708152816069316,0.005615140613333381
0,0,True,0.09472557905337363,Neutral,0.0018708152816069316,0.004772405604358401
1,0,True,0.13557401812688824,Neutral,0.004824734147302088,0.0014474543725863111
0,1,True,0.19819989929506554,Neutral,0.0018708152816069316,0.0004404960955377549
0,0,True,0.43548590130916426,Non-Competitive,0.03436392280425364,0.000796142847459659
0,1,False,0.10489048338368585,Neutral,0.39375738479716427,0.001507200511282299
1,0,False,0.43548590130916426,Non-Competitive,0.0033477747144545094,0.00019828839379783746
1,0,True,0.1824647532729104,Neutral,0.0038400945254037015,3.382928570309314e-05
1,0,False,0.43548590130916415,Non-Competitive,0.014671130366285938,0.0006632863022014762
1,0,True,0.37569234642497484,Neutral,0.0018708152816069316,0.001767803734673349
1,0,True,0.43548590130916415,Non-Competitive,0.0018708152816069316,0.0003311449390560199
1,0,True,0.43548590130916426,Non-Competitive,0.0033477747144545094,0.000796142847459659
1,0,True,0.45436807653575034,Non-Competitive,0.0013784954706577393,0.006877670859988063
0,0,True,0.37569234642497484,Neutral,0.029440724694761715,0.053063008338794126
1,0,True,0.17092564618999662,Neutral,0.014671130366285938,0.00026607929766034593
1,1,False,0.21834088620342396,Neutral,0.006301693580149665,0.000863750320194592
1,1,False,0.1546869754951326,Neutral,0.0013784954706577393,0.0037617525003115393
1,0,True,0.22967019133937572,Neutral,0.0008861756597085466,0.0003044164033236046
0,0,False,0.37569234642497484,Neutral,0.9845411579361953,0.001767803734673349
0,1,True,0.0894175897952333,Neutral,0.014671130366285938,0.0009271650814420874
1,1,True,0.07839535841801702,Competitive,0.00531705395825128,0.003927926808560236
1,0,False,0.45436807653575045,Non-Competitive,0.00029539188656951555,0.0002741502672736636
0,0,False,0.43548590130916426,Non-Competitive,0.00531705395825128,0.000796142847459659
0,1,False,0.05375125881168179,Competitive,0.011717211500590784,0.024373069763661746
0,1,True,0.015252601544142333,Competitive,0.00728633320204805,0.01393976927164096
1,1,False,0.18329291885302385,Neutral,0.003643166601024025,0.00010379102110547897
0,0,False,0.12846173212487416,Neutral,0.0018708152816069316,0.013477732465725324
0,0,False,0.21834088620342396,Neutral,0.009747932256794014,0.007860337614856275
0,1,False,0.052807150050352455,Competitive,0.019594328475777866,0.005588412077600965
0,0,False,0.37569234642497484,Neutral,0.0018708152816069316,0.0011782036817524206
1,1,False,0.18071640371489323,Neutral,0.004332414336352895,0.0008295797215719748
1,0,False,0.43548590130916415,Non-Competitive,0.0018708152816069316,0.0006632863022014762
0,1,True,0.21708207452165162,Neutral,0.0008861756597085466,0.000977739663759305
0,1,False,0.0891238670694864,Neutral,0.0038400945254037015,0.0034741062878265155
1,1,True,0.21834088620342396,Neutral,0.004824734147302088,0.006877670859988062
0,1,True,0.09472557905337368,Neutral,0.0018708152816069316,0.001431024184444915
1,1,False,0.37569234642497484,Neutral,0.008763292634895628,0.0029470038405152057
0,0,False,0.06010825780463243,Competitive,0.00728633320204805,0.0014647493074719917
0,1,True,0.11361474767819178,Neutral,0.0007877116975187081,0.010489517110103675
1,0,False,0.43548590130916415,Non-Competitive,0.009747932256794014,0.0013275690284923888
0,0,False,0.43548590130916415,Non-Competitive,0.004824734147302088,6.54318485396549e-05
1,0,True,0.37569234642497484,Neutral,0.0038400945254037015,0.0002938036023710279
1,1,True,0.10043219201074192,Neutral,0.005809373769200473,0.0024569806854209237
1,0,False,0.45436807653575045,Non-Competitive,0.0008861756597085466,0.00013657692159211362
0,0,True,0.43548590130916415,Non-Competitive,0.0008861756597085466,6.54318485396549e-05
1,0,True,0.18770980194696207,Neutral,0.002855454903505317,0.00024736932264765517
0,1,True,0.21834088620342396,Neutral,0.0018708152816069316,0.0005886036288314921
0,1,True,0.09472557905337363,Neutral,0.0018708152816069316,0.0019083643872896982
0,1,True,0.05932150050352471,Competitive,0.007778653012997242,0.0029157550377103968
0,1,True,0.03581319234642495,Competitive,0.007778653012997242,0.00990428446498216
0,0,False,0.14396609600537097,Neutral,0.002855454903505317,0.0018000352042330263
0,1,True,0.1419310171198389,Neutral,0.0008861756597085466,0.004463455176627835
1,1,True,0.43548590130916415,Non-Competitive,0.0008861756597085466,0.0006632863022014762
1,1,True,0.09162051023833499,Neutral,0.0013784954706577393,0.007042758874805922
0,1,False,0.09472557905337366,Neutral,0.0018708152816069316,0.005488415908625577
1,1,True,0.1793177240684794,Neutral,0.004824734147302088,0.0009286849393562837
1,1,False,0.1698766364551863,Neutral,0.019594328475777866,0.0004978052206816692
0,0,True,0.06466096005370929,Competitive,0.002855454903505317,0.010054960034061953
0,0,True,0.2086899966431689,Neutral,0.0013784954706577393,0.001904066858015075
0,0,True,0.09474356207739897,Neutral,0.0033477747144545094,0.002385929199678452
1,0,True,0.43548590130916415,Non-Competitive,0.002855454903505317,0.0004640014843142025
0,0,True,0.21834088620342396,Neutral,0.008763292634895628,0.0011782036817524206
1,1,False,0.43548590130916415,Non-Competitive,0.002855454903505317,0.04649879441627445
0,0,True,0.43548590130916415,Non-Competitive,0.1968294604174872,0.0006632863022014762
0,1,True,0.12211172653015555,Neutral,0.0007877116975187081,0.010914029148206742
1,0,True,0.2086899966431689,Neutral,0.0013784954706577393,0.00011330737283683431
0,0,True,0.019448640483383697,Competitive,0.004824734147302088,0.017356829133902695
1,0,False,0.17302366565961735,Neutral,0.009747932256794014,0.0016813290602449465
1,1,False,0.049196348121057956,Competitive,0.027963765261914138,0.006362132848802465
0,0,False,0.06027609936220206,Competitive,0.014671130366285938,0.0029336395726489977
1,0,True,0.12846173212487416,Neutral,0.0018708152816069316,0.005615140613333381
0,1,True,0.1546869754951326,Neutral,0.0013784954706577393,0.006270251783245524
1,0,True,0.1667296072507553,Neutral,0.004824734147302088,0.0004919092201524599
0,1,False,0.056961228600201405,Competitive,0.009747932256794014,0.004786556005628503
1,1,True,0.11260070493454181,Neutral,0.0008861756597085466,0.009499268535295678
1,0,True,0.20868999664316895,Neutral,0.0013784954706577393,0.003809130140119587
1,0,True,0.45436807653575034,Non-Competitive,0.14759747932256792,0.0003429369401144386
0,0,False,0.43548590130916415,Non-Competitive,0.0008861756597085466,0.0006632863022014762
0,0,True,0.43548590130916415,Non-Competitive,0.0018708152816069316,6.54318485396549e-05
0,1,True,0.08528449144008059,Competitive,0.0023631350925561244,0.01020851809228936
0,0,False,0.0405337361530715,Competitive,0.004824734147302088,0.009403124419999373
0,0,True,0.12619587109768382,Neutral,0.0010831035840882237,0.009450213810892658
1,0,True,0.2296701913393756,Neutral,0.0008861756597085466,0.0004062206791279515
0,1,False,0.43548590130916415,Non-Competitive,0.01536037810161481,0.003320417207365127
1,1,True,0.09474356207739891,Neutral,0.0033477747144545094,0.003579392011562395
1,1,False,0.05570241691842899,Competitive,0.24606144151240644,0.0028479510316244895
1,1,True,0.19190584088620344,Neutral,0.0023631350925561244,0.0007191017738779909
1,0,True,0.29261077542799596,Neutral,0.000393855848759354,0.0012135796849276762
1,1,False,0.21834088620342396,Neutral,0.0018708152816069316,0.0007851369798051349
0,1,True,0.37569234642497484,Neutral,0.03771169751870815,0.005921948827538335
0,0,False,0.37569234642497484,Neutral,0.09836549822764869,0.0014730037082128847
0,1,False,0.06383025775019731,Competitive,0.010831035840882236,0.0023999824724971076
1,0,False,0.16924723061430014,Neutral,0.024517526585269792,0.0003307518723540727
1,0,True,0.22148791540785495,Neutral,0.04913351713272942,0.009923937800079524
0,0,True,0.12619587109768388,Neutral,0.0010831035840882237,0.0016668642056132865
1,1,False,0.35964249748237664,Neutral,0.000393855848759354,0.05695436868807226
1,1,False,0.1362034239677744,Neutral,0.0018708152816069316,0.001741861332344828
0,0,True,0.05941591137965761,Competitive,0.0018708152816069316,0.010700244536425414
0,1,False,0.04787680429674389,Competitive,0.014671130366285938,0.009006782162202525
0,1,True,0.21834088620342396,Neutral,0.0018708152816069316,0.0011782036817524206
1,0,True,0.12846173212487416,Neutral,0.0018708152816069316,0.002807072094621972
0,1,True,0.43548590130916415,Non-Competitive,0.0018708152816069316,0.00013186012116874615
0,1,True,0.08528449144008059,Competitive,0.0023631350925561244,0.0022677845795502963
1,0,False,0.16924723061430014,Neutral,0.024517526585269792,0.00016487772413231817
0,1,True,0.10294981537428673,Neutral,0.0013784954706577393,0.007467270912908993
0,1,True,0.20868999664316884,Neutral,0.0013784954706577393,0.0007610288887523681
1,1,False,0.37569234642497484,Neutral,0.0018708152816069316,0.005895004105119848
0,0,True,0.07680738856203954,Competitive,0.0017723513194170934,0.009732059186365785
0,0,True,0.37569234642497484,Neutral,0.0018708152816069316,0.0011782036817524206
1,0,False,0.09466263846928501,Neutral,0.009747932256794014,0.0011919610163205756
1,0,False,0.43548590130916415,Non-Competitive,0.008763292634895628,0.0006632863022014762
0,0,True,0.1546869754951326,Neutral,0.0013784954706577393,0.004702439731411784
0,0,True,4.1960389392414754e-05,Competitive,0.5906853091768413,0.02408089018188093
1,0,False,0.04994335347432023,Competitive,0.9845411579361953,0.0036537377706164255
1,1,False,0.07226478204574881,Competitive,0.006794013391098858,0.002421091823786936
0,0,True,0.45436807653575045,Non-Competitive,0.0008861756597085466,6.779024875133863e-05
0,1,True,0.1027999568407424,Neutral,0.006794013391098858,0.00039701168782518663
1,1,False,0.221487915407855,Neutral,0.00019692792437967703,0.010320935169046284
1,0,True,0.45436807653575045,Non-Competitive,0.002855454903505317,0.00010218358517172615
0,0,True,0.11555891238670694,Neutral,0.0023631350925561244,0.010586648259562648
1,1,True,0.12846173212487416,Neutral,0.0018708152816069316,0.0033686857983642538
0,1,False,0.2022910372608258,Neutral,0.0008861756597085466,0.041031236592187714
0,1,False,0.16793306010139814,Neutral,0.0513981882630957,0.004125339650549722
0,1,True,0.11046072507552875,Neutral,0.0013784954706577393,0.010745258535132418
1,1,False,0.06048590130916416,Competitive,0.019594328475777866,0.0058761369034263785
0,1,True,0.06885699899295068,Competitive,0.0023631350925561244,0.002062603761133813
0,0,True,0.05932150050352468,Competitive,0.007778653012997242,0.004860256012243619
0,1,True,0.17931772406847934,Neutral,0.004824734147302088,0.00017116679136347472
1,0,False,0.45436807653575034,Non-Competitive,0.005809373769200473,0.0013747370327260636
0,1,True,0.08248713214725299,Competitive,0.0025600630169358013,0.0017860769689060985
0,0,True,0.37569234642497484,Neutral,0.002855454903505317,0.004715803999277992
0,0,False,0.221487915407855,Neutral,0.000393855848759354,0.003968977265578149
1,1,True,0.24647532729103733,Neutral,0.0006892477353288697,0.004281072226924294
1,0,False,0.45436807653575034,Non-Competitive,0.0008861756597085466,0.0003429369401144386
1,0,True,0.43548590130916415,Non-Competitive,0.0013784954706577393,0.0013275690284923888
0,1,False,0.056363293051359495,Competitive,0.1968294604174872,0.0011435351986406697
0,1,True,0.060611782477341405,Competitive,0.019594328475777866,0.0015674969433610124
0,0,True,0.13211228600201408,Neutral,0.0023631350925561244,0.002281934980820398
1,0,False,0.43548590130916415,Non-Competitive,0.0018708152816069316,6.54318485396549e-05
0,0,True,0.37569234642497484,Neutral,0.09836549822764869,0.0005886036288314921
0,1,True,0.14669352131587787,Neutral,0.0013784954706577393,0.0015168961565969986
0,1,False,0.08564115474991608,Neutral,0.0013784954706577393,0.010228564494088672
1,0,True,0.45436807653575034,Non-Competitive,0.006794013391098858,0.0027504704895415636
1,0,False,0.2296701913393756,Neutral,0.0008861756597085466,3.9725286232302424e-05
0,1,False,0.13137797918764688,Neutral,0.002855454903505317,0.0014212499257898255
0,0,True,0.1859264853977845,Neutral,0.0008861756597085466,0.0017619077341441396
0,0,False,0.15445619335347432,Neutral,0.0018708152816069316,0.0015653743831704969
0,0,False,0.09472557905337363,Neutral,0.0018708152816069316,0.004772405604358401
0,1,False,0.0902567975830816,Neutral,0.09836549822764869,0.0011644463471842655
0,1,True,0.10662134944612288,Neutral,0.0006892477353288697,0.01774596516883051
0,1,False,0.05903826787512591,Competitive,0.029440724694761715,0.0029104486372341083
1,1,False,0.43548590130916415,Non-Competitive,0.09836549822764869,0.0013275690284923888
1,1,False,0.2926107754279961,Neutral,0.000393855848759354,0.001456494906731099
0,1,True,0.18382846592816382,Neutral,0.0013784954706577393,0.00307865498122075
0,1,False,0.2170820745216515,Neutral,0.0008861756597085466,0.0005862452286198083
0,0,True,0.20713746223564955,Neutral,0.0008861756597085466,0.004547885904206111
1,0,False,0.43548590130916415,Non-Competitive,0.00728633320204805,6.54318485396549e-05
0,1,True,0.12846173212487416,Neutral,0.0018708152816069316,0.005615140613333381
0,1,False,0.2447129909365559,Neutral,0.000393855848759354,0.0031940462626890752
0,1,True,0.06980110775427996,Competitive,0.0008861756597085466,0.024903709811290583
1,1,True,0.13129405840886205,Neutral,0.0018708152816069316,0.007107614880627225
0,1,False,0.07884357166834512,Competitive,0.005809373769200473,0.00875233698380865
1,1,True,0.0751510574018127,Competitive,0.0018708152816069316,0.010710071203974096
0,0,True,0.43548590130916415,Non-Competitive,0.006794013391098858,0.003320417207365127
1,0,False,0.37569234642497484,Neutral,0.000393855848759354,0.0005886036288314921
1,0,True,0.43548590130916415,Non-Competitive,0.0023631350925561244,0.0004640014843142025
1,0,False,0.2296701913393756,Neutral,0.0008861756597085466,0.00020261212751925757
1,0,False,0.45436807653575045,Non-Competitive,0.004824734147302088,0.00010218358517172615
1,0,False,0.17721970459885872,Neutral,0.005809373769200473,0.0003407095621367373
1,0,False,0.37569234642497484,Neutral,0.0038400945254037015,0.0011782036817524206
0,1,True,0.43548590130916415,Non-Competitive,0.019594328475777866,0.0013275690284923888
1,0,True,0.37569234642497484,Neutral,0.0008861756597085466,0.0004117236129552135
1,0,True,0.4354859013091639,Non-Competitive,0.0008861756597085466,0.0
1,0,True,0.11389448360747458,Neutral,0.004332414336352895,0.0010494524998256875
1,1,False,0.046198388721047354,Competitive,0.024517526585269792,0.008901964375016582
1,0,False,0.43548590130916426,Non-Competitive,0.000393855848759354,0.0003975732116851113
0,1,True,0.13284659281638134,Neutral,0.0004923198109491925,0.017176018451006945
0,0,False,0.3756923464249748,Neutral,0.005809373769200473,5.796358120265647e-05
1,0,False,0.20713746223564955,Neutral,0.0008861756597085466,0.007201400595711846
0,1,True,0.027840718361866412,Competitive,0.002855454903505317,0.013960732829078152
1,1,True,0.1284617321248741,Neutral,0.0018708152816069316,0.004211106353977676
0,1,True,0.23666358957144462,Neutral,0.0007877116975187081,0.007070186195786246
1,1,True,0.06476586102719038,Competitive,0.004824734147302088,0.01147026220554015
0,1,True,0.17721970459885866,Neutral,0.005809373769200473,0.0025617984726068656
0,0,False,0.43548590130916415,Non-Competitive,0.09836549822764869,0.0009954276653469326
1,0,False,0.43548590130916415,Non-Competitive,0.0018708152816069316,0.0006632863022014762
0,1,False,0.21834088620342396,Neutral,0.0005907837731390312,0.0019643370856469917
0,1,True,0.0947255790533736,Neutral,0.0018708152816069316,0.003579055097246441
0,1,False,0.35211383530869933,Neutral,0.012701851122489168,0.002687724949550716
1,0,False,0.1919058408862035,Neutral,0.0023631350925561244,0.00010701830560567774
1,1,True,0.12846173212487416,Neutral,0.0018708152816069316,0.003031717576118885
1,1,True,0.43548590130916415,Non-Competitive,0.005809373769200473,0.0013275690284923888
0,1,True,0.06287764350453175,Competitive,0.0008861756597085466,0.041766271324829136
0,1,True,0.16553373615307154,Neutral,0.0006892477353288697,0.003270104669515875
1,1,False,0.10567724068479357,Neutral,0.0018708152816069316,0.0037842359156629243
0,1,True,0.2745738023305999,Neutral,0.0005907837731390312,0.0069485351711105585
0,0,False,0.16735901309164153,Neutral,0.09836549822764869,0.0009871732646060398
0,0,True,0.37569234642497484,Neutral,0.0008861756597085466,0.0005886036288314921
0,1,False,0.45436807653575034,Non-Competitive,0.014671130366285938,0.006877670859988063
1,1,False,0.022595669687814735,Competitive,0.0038400945254037015,0.022285885576321662
0,0,False,0.1668554884189326,Neutral,0.49222134698700276,0.0016428085234541125
0,0,False,0.21834088620342396,Neutral,0.09836549822764869,0.0019643370856469917
0,1,False,0.43548590130916426,Non-Competitive,0.005809373769200473,0.00019828839379783746
1,0,False,0.2296701913393756,Neutral,0.0008861756597085466,0.00020261212751925757
1,1,True,0.09789549574292776,Neutral,0.010732571878692398,0.0019400384167993414
0,0,True,0.14193101711983885,Neutral,0.0008861756597085466,0.004165825069913349
0,1,True,0.21834088620342396,Neutral,0.000393855848759354,0.0004706836182473064
1,1,False,0.20713746223564955,Neutral,0.0008861756597085466,0.007580474123069809
0,1,False,0.43548590130916415,Non-Competitive,0.002855454903505317,0.0009954276653469326
0,1,True,0.2745738023305999,Neutral,0.0005907837731390312,0.004632024639377228
0,1,True,0.11046072507552875,Neutral,0.0013784954706577393,0.0051654723063056865
1,1,True,0.0840886203423968,Competitive,0.004824734147302088,0.007211305876600919
0,1,False,0.1418680765357503,Neutral,0.0023631350925561244,0.0014867610427810399
0,1,False,0.08067584200514714,Competitive,0.08851910200866484,0.001989100287869671
0,1,False,0.05652064451158102,Competitive,0.14759747932256792,0.0038180396520303903
0,0,False,0.06128614587829086,Competitive,0.017132729421031903,0.0039370827103344256
0,1,False,0.07735397784491439,Competitive,0.002855454903505317,0.010847644549655647
1,0,False,0.1847126312760754,Neutral,0.0033477747144545094,0.0007011330103604007
1,0,False,0.06163981201745551,Competitive,0.011717211500590784,0.014799930237735603
0,1,False,0.05746475327291038,Competitive,0.058979913351713265,0.0015360516072052295
0,1,True,0.1419310171198389,Neutral,0.0008861756597085466,0.004463455176627835
1,1,False,0.06040843597490124,Competitive,0.006301693580149665,0.011747464938113433
1,0,True,0.45436807653575034,Non-Competitive,0.0010831035840882237,0.02338647234177406
0,1,False,0.11046072507552872,Neutral,0.0013784954706577393,0.01291517540189837
0,1,True,0.0074899295065458255,Competitive,0.09836549822764869,0.01297020474017099
0,1,False,0.17883356572933617,Neutral,0.005021662071681764,0.0008583078581676297
1,1,True,0.21834088620342396,Neutral,0.0013784954706577393,0.0005886036288314921
0,0,False,0.43548590130916415,Non-Competitive,0.0008861756597085466,0.0031875606621069442
1,1,False,0.43548590130916426,Non-Competitive,0.002855454903505317,0.00019828839379783746
0,0,False,0.43548590130916415,Non-Competitive,0.0013784954706577393,0.0013275690284923888
0,0,False,0.11826535750251764,Neutral,0.0038400945254037015,0.001875504011006905
0,1,True,0.06640231621349447,Competitive,0.004824734147302088,0.01016370848826737
1,0,False,0.45436807653575034,Non-Competitive,0.029440724694761715,0.0003429369401144386
0,1,False,0.45436807653575034,Non-Competitive,0.0018708152816069316,0.003438337217949313
0,1,False,0.06476586102719036,Competitive,0.009747932256794014,0.002011505089880666
1,1,False,0.43548590130916415,Non-Competitive,0.24606144151240644,0.0016597103916378454
1,0,True,0.43548590130916415,Non-Competitive,0.0008861756597085466,0.0003311449390560199
1,0,True,0.43548590130916415,Non-Competitive,0.0008861756597085466,0.0003311449390560199
0,0,False,0.3744335347432024,Neutral,9.846396218983852e-05,0.01175955929817335
0,0,True,0.13190248405505206,Neutral,0.0013784954706577393,0.004275569293097032
0,1,False,0.05696122860020146,Competitive,0.009747932256794014,0.0019140245477977397
1,1,True,0.11039778449144007,Neutral,0.004824734147302088,0.0009028604570383469
1,0,True,0.19085683115139307,Neutral,0.0010831035840882237,0.001433959082486121
0,1,True,0.16494629070157774,Neutral,0.0013784954706577393,0.0016308855001617112
0,1,True,0.12846173212487416,Neutral,0.0018708152816069316,0.0033686857983642538
0,0,False,0.08522155085599196,Competitive,0.024517526585269792,0.0018133994720992343
1,0,False,0.21834088620342396,Neutral,0.0018708152816069316,0.0010995903413629634
0,1,True,0.058010238335011774,Competitive,0.008763292634895628,0.003469625327424317
0,0,False,0.06552114803625379,Competitive,0.009747932256794014,0.004042873805544239
0,1,True,0.0,Competitive,0.9845411579361953,0.036106110816788224
0,0,False,0.10735565626049011,Neutral,0.14759747932256792,0.002543455359849326
0,0,True,0.05224068479355491,Competitive,0.019594328475777866,0.0011126401558676135
1,1,True,0.1004321920107419,Neutral,0.0022646711303662857,0.0031943738182740313
1,0,False,0.18770980194696213,Neutral,0.002855454903505317,0.0005312158903471885
0,1,True,0.1546869754951326,Neutral,0.0013784954706577393,0.006270251783245524
0,1,False,0.43548590130916415,Non-Competitive,0.00019692792437967703,0.003320417207365127
0,0,True,0.23627895266868076,Neutral,0.0008861756597085466,0.003322775607576811
0,1,True,0.03833081570996978,Competitive,0.0018708152816069316,0.013457607450585624
0,1,False,0.10662134944612288,Neutral,0.0006892477353288697,0.01774596516883051
0,1,False,0.007759674866925623,Competitive,0.06882630957069713,0.01300389617176647
1,0,True,0.37569234642497484,Neutral,0.0008861756597085466,0.0005886036288314921
1,0,True,0.09120090634441093,Neutral,0.0018708152816069316,0.0046843586631222095
0,1,True,0.11046072507552875,Neutral,0.0013784954706577393,0.002582237941108125
0,0,False,0.37569234642497484,Neutral,0.002855454903505317,0.0014730037082128847
0,0,False,0.12267119838872105,Neutral,0.0038400945254037015,0.0023243861846307056
0,1,False,0.07162638469284995,Competitive,0.005809373769200473,0.005244478713397091
1,0,False,0.43548590130916404,Non-Competitive,0.0008861756597085466,6.596327472068762e-05
0,1,False,0.06468575482925935,Competitive,0.00531705395825128,0.0016082043603481346
1,0,True,0.45436807653575045,Non-Competitive,0.0013784954706577393,6.744631538713476e-05
1,0,False,0.43548590130916415,Non-Competitive,0.0024615990547459626,6.54318485396549e-05
0,1,False,0.05652064451158108,Competitive,0.14759747932256792,0.007637075728150219
0,1,False,0.0960563228312473,Neutral,0.013686490744387554,0.0008401663180777549
1,0,False,0.43548590130916415,Non-Competitive,0.0008861756597085466,7.871750306547315e-05
1,0,True,0.08522155085599196,Competitive,0.024517526585269792,0.000906201524004899
0,1,True,0.07971424974823767,Competitive,0.1968294604174872,0.000988647264738342
0,1,False,0.16494629070157768,Neutral,0.0013784954706577393,0.0019572618850119405
0,1,False,0.37569234642497484,Neutral,0.0038400945254037015,0.0005886036288314921
1,1,False,0.45436807653575045,Non-Competitive,0.008763292634895628,3.339691233095113e-05
0,0,True,0.09015189660960059,Neutral,0.2952934226073257,0.0023285788961181436
1,0,False,0.37569234642497484,Neutral,0.024517526585269792,0.0008834036552919563
1,1,True,0.15760322255790538,Neutral,0.0018708152816069316,0.0015850277182678611
0,1,True,0.050572759315206425,Competitive,0.1968294604174872,0.003669460438694317
1,0,True,0.37569234642497484,Neutral,0.014671130366285938,0.0008834036552919563
1,1,True,0.12707703927492447,Neutral,0.0023631350925561244,0.001115313009440855
0,1,False,0.04920604948928216,Competitive,0.05504135486411973,0.002726240734985813
1,1,True,0.28033736153071503,Neutral,0.00029539188656951555,0.00329250947152687
0,0,True,0.07945199731453513,Competitive,0.002855454903505317,0.005488835179774321
1,1,True,0.18382846592816388,Neutral,0.0013784954706577393,0.0010488847368117637
1,1,True,0.21834088620342396,Neutral,0.0023631350925561244,0.00392967059538342
0,0,False,0.054097000924278174,Competitive,0.03584088223710122,0.00338164730747285
0,0,True,0.04789778449144007,Competitive,0.24606144151240644,0.003602639099363278
0,0,False,0.43548590130916415,Non-Competitive,0.0013784954706577393,0.0013275690284923888
0,1,True,0.12720292044310172,Neutral,0.0018708152816069316,0.01396073282907815
0,0,True,0.06640231621349447,Competitive,0.004824734147302088,0.01016370848826737
1,1,False,0.2296701913393756,Neutral,0.0008861756597085466,0.0008134377823453394
1,0,False,0.24918177240684797,Neutral,0.0008861756597085466,8.532102365818756e-05
0,1,True,0.09472557905337363,Neutral,0.0018708152816069316,0.0021470344887120902
0,1,False,0.09472557905337363,Neutral,0.0018708152816069316,0.011932508647030155
1,1,True,0.20713746223564955,Neutral,0.0008861756597085466,0.007201400595711846
0,1,True,0.43548590130916415,Non-Competitive,0.014671130366285938,0.0016597103916378454
0,1,True,0.05932150050352468,Competitive,0.007778653012997242,0.0025268548428037524
1,0,True,0.45436807653575034,Non-Competitive,0.0013784954706577393,0.0010308036685221884
1,0,False,0.051359516616314174,Competitive,0.09836549822764869,0.0018440586748511222
0,0,True,0.43548590130916415,Non-Competitive,0.014671130366285938,0.0013275690284923888
1,0,True,0.15760322255790538,Neutral,0.0018708152816069316,0.0015850277182678611
1,0,False,0.43548590130916415,Non-Competitive,0.004824734147302088,0.0003311449390560199
1,0,True,0.37569234642497484,Neutral,0.002855454903505317,0.0002938036023710279
0,0,True,0.15288267875125883,Neutral,0.0008861756597085466,0.0024894741994485655
0,1,False,0.06476586102719036,Competitive,0.004824734147302088,0.0060365081178208714
0,0,True,0.21834088620342396,Neutral,0.004824734147302088,0.0007851369798051349
0,0,False,0.046198388721047354,Competitive,0.2952934226073257,0.016914629094212
0,1,False,0.14193101711983885,Neutral,0.0008861756597085466,0.0031241196964126527
0,0,True,0.010007552870090641,Competitive,0.019594328475777866,0.013284658101728818
0,1,False,0.10662134944612288,Neutral,0.0008861756597085466,0.012168348668198527
1,0,False,0.45436807653575034,Non-Competitive,0.029440724694761715,0.006189804131580313
1,1,True,0.25664472737735583,Neutral,0.0005907837731390312,0.0011012749129427376
0,1,True,0.061007409005898475,Competitive,0.006794013391098858,0.0029473407548311612
0,0,False,0.04383811681772408,Competitive,0.39375738479716427,0.00875456436178635
0,1,False,0.044729775092312865,Competitive,0.058979913351713265,0.008810248811228882
0,1,False,0.43548590130916426,Non-Competitive,0.014671130366285938,0.00019828839379783746
0,0,True,0.09472557905337363,Neutral,0.0018708152816069316,0.004772405604358401
1,1,True,0.43548590130916415,Non-Competitive,0.000393855848759354,0.0009954276653469326
0,0,False,0.45436807653575034,Non-Competitive,0.019594328475777866,0.006877670859988063
1,1,True,0.10662134944612288,Neutral,0.0008861756597085466,0.012675404713710524
1,0,False,0.45436807653575045,Non-Competitive,0.000393855848759354,0.00013657692159211362
1,1,False,0.27163058073178914,Neutral,0.0004923198109491925,6.335121546401394e-05
1,0,True,0.37569234642497495,Non-Competitive,0.000393855848759354,4.6171580144237916e-05
0,1,True,0.221487915407855,Neutral,0.014671130366285938,0.007938950955245733
1,0,True,0.43548590130916426,Non-Competitive,0.000393855848759354,9.864598485420055e-05
0,1,True,0.22462095781582186,Neutral,0.0007877116975187081,0.004809930372170969
1,1,True,0.43548590130916415,Non-Competitive,0.000393855848759354,0.0009954276653469326
0,1,True,0.12846173212487416,Neutral,0.0018708152816069316,0.006176754317075663
0,1,False,0.43548590130916415,Non-Competitive,0.029440724694761715,0.0009954276653469326
0,1,False,0.04920604948928216,Competitive,0.05504135486411973,0.002726240734985813
0,1,True,0.12846173212487416,Neutral,0.0018708152816069316,0.005615140613333381
1,0,False,0.43548590130916415,Non-Competitive,0.0008861756597085466,0.0003311449390560199
1,0,False,0.43548590130916415,Non-Competitive,0.00029539188656951555,0.0006632863022014762
0,1,False,0.09057150050352471,Neutral,0.09836549822764869,0.002333819785477441
0,1,False,0.12267119838872108,Neutral,0.0008861756597085466,0.005470492067016781
0,0,True,0.11218110104061772,Neutral,0.0010831035840882237,0.005208447599051924
1,0,True,0.43548590130916426,Non-Competitive,0.0008861756597085466,9.864598485420055e-05
1,1,True,0.23627895266868076,Neutral,0.0008861756597085466,0.0018686253437228276
0,0,False,0.1419310171198389,Neutral,0.0008861756597085466,0.005951605710200258
1,1,True,0.18382846592816388,Neutral,0.0013784954706577393,0.001748805510745897
0,1,False,0.16553373615307154,Neutral,0.0006892477353288697,0.003270104669515875
0,0,False,0.05550787329488234,Competitive,0.026979125640015752,0.002844306231297342
1,1,True,0.07735397784491439,Competitive,0.002855454903505317,0.00867791635490663
1,1,True,0.43548590130916426,Non-Competitive,0.0018708152816069316,3.321413631454569e-07
0,1,True,0.12846173212487416,Neutral,0.0018708152816069316,0.005615140613333381
1,0,False,0.43548590130916415,Non-Competitive,0.0038400945254037015,0.0006632863022014762
1,1,True,0.31203843571668355,Neutral,0.0004923198109491925,0.005099961189314473
0,1,True,0.11260070493454181,Neutral,0.0008861756597085466,0.007828892278700494
1,1,False,0.3756923464249748,Neutral,0.0018708152816069316,0.00023484359707893497
1,0,False,0.37569234642497484,Neutral,0.0018708152816069316,0.007074204210961705
1,0,True,0.37569234642497484,Neutral,0.0013784954706577393,0.0011782036817524206
1,0,False,0.45436807653575045,Non-Competitive,0.0007877116975187081,6.091158146726114e-05
1,1,True,0.20713746223564955,Neutral,0.0008861756597085466,0.004547885904206111
1,1,False,0.08078963990537312,Competitive,0.08310358408822371,0.0011053235331990585
0,1,False,0.11043275148260044,Neutral,0.017625049231981094,0.0025818885484841718
1,1,True,0.09120090634441093,Neutral,0.0018708152816069316,0.003981555400040463
0,0,True,0.45436807653575045,Non-Competitive,0.009747932256794014,0.00013657692159211362
1,1,True,0.45436807653575045,Non-Competitive,0.0018708152816069316,0.00013657692159211362
1,0,False,0.10506881503860359,Neutral,0.002855454903505317,0.011320503792098232
0,1,True,0.09308912386706951,Neutral,0.0018708152816069316,0.01892909594169184
1,1,False,0.12141238670694866,Neutral,0.0018708152816069316,0.002175020837890737
1,0,False,0.29261077542799596,Neutral,0.000393855848759354,4.7586620271248136e-05
0,1,False,0.11260070493454181,Neutral,0.0008861756597085466,0.007828892278700494
0,0,True,0.12707703927492447,Neutral,0.0023631350925561244,0.000836235651058282
0,0,True,0.17302366565961735,Neutral,0.009747932256794014,0.0013448639633780698
0,0,False,0.050100704934541815,Competitive,0.09836549822764869,0.0091456657302239
1,0,False,0.43548590130916415,Non-Competitive,0.0008861756597085466,0.0003311449390560199
1,1,True,0.3756923464249748,Neutral,0.0018708152816069316,0.0007065236394156777
0,1,False,0.1004321920107419,Neutral,0.0013784954706577393,0.006881339482539571
1,0,True,0.45436807653575034,Non-Competitive,0.0023631350925561244,0.0003429369401144386
0,1,True,0.0995720040281974,Neutral,0.0013784954706577393,0.017129636580177163
0,0,True,0.20713746223564955,Neutral,0.0008861756597085466,0.003789738849490186
0,1,True,0.06640231621349447,Competitive,0.004824734147302088,0.0022352386566290615
1,0,True,0.43548590130916415,Non-Competitive,0.0023631350925561244,0.00013186012116874615
1,1,False,0.221487915407855,Neutral,9.846396218983852e-05,0.03175879309325124
0,0,True,0.0742069486404834,Competitive,0.004824734147302088,0.003194635862741996
1,1,True,0.21834088620342396,Neutral,0.005809373769200473,0.0009816703307787777
0,0,False,0.43548590130916415,Non-Competitive,0.006301693580149665,0.0013275690284923888
1,1,False,0.11260070493454184,Neutral,0.0008861756597085466,0.004174944217398527
1,1,True,0.0751510574018127,Competitive,0.0018708152816069316,0.009638964441167743
1,0,True,0.12141238670694869,Neutral,0.0018708152816069316,0.013599111463286647
1,0,False,0.3756923464249748,Neutral,0.004824734147302088,5.796358120265647e-05
0,1,True,0.060611782477341405,Competitive,0.019594328475777866,0.004900545349193216
0,1,False,0.04997482376636454,Competitive,0.1968294604174872,0.006578940166508125
0,0,False,0.11730756600551691,Neutral,0.002166207168176447,0.002134005182035368
1,1,False,0.37569234642497484,Neutral,0.004824734147302088,0.0008834036552919563
1,0,False,0.43548590130916415,Non-Competitive,0.000393855848759354,3.2217712225109266e-05
0,1,True,0.14193101711983885,Neutral,0.0008861756597085466,0.007439756243772681
1,0,True,0.17512168512923793,Neutral,0.00728633320204805,0.0015587970670245786
0,1,True,0.05129657603222558,Competitive,0.024517526585269792,0.0073760794380572205
0,1,False,0.37569234642497484,Neutral,0.0004923198109491925,0.014149404846012846
0,1,False,0.12846173212487416,Neutral,0.0018708152816069316,0.002807072094621972
1,1,True,0.3644889224572004,Neutral,0.000393855848759354,0.008633106750884639
0,1,True,0.00704035390591283,Competitive,0.344525403702245,0.015497062109832113
1,1,True,0.43548590130916415,Non-Competitive,0.0032493107522646707,0.0009954276653469326
0,0,True,0.21834088620342396,Neutral,0.0008861756597085466,0.0005886036288314921
1,0,True,0.08994209466263851,Neutral,0.0018708152816069316,0.005816390764730392
1,1,False,0.0710599194360524,Competitive,0.004824734147302088,0.005226790711809464
0,0,True,0.37569234642497495,Non-Competitive,0.0013784954706577393,4.899576439772917e-06
0,0,True,0.21834088620342396,Neutral,0.009747932256794014,2.934242930036488e-06
